Requirement ID,Requirement Description,Test ID,Test Description,Verification Method,Status,Evidence Reference
REQ_GNC_0000,"Guidance, Navigation and Control requirement #0",TEST_GNC_0000,Verification test for REQ_GNC_0000,Test,Verified,E-000
REQ_SIM_0001,Simulation Accuracy requirement #1,TEST_SIM_0001,Verification test for REQ_SIM_0001,Analysis,Verified,E-001
REQ_PERF_0002,Performance Requirements requirement #2,TEST_PERF_0002,Verification test for REQ_PERF_0002,Inspection,Verified,E-002
REQ_SAFE_0003,Safety Requirements requirement #3,TEST_SAFE_0003,Verification test for REQ_SAFE_0003,Demonstration,Verified,E-003
REQ_IF_0004,Interface Requirements requirement #4,TEST_IF_0004,Verification test for REQ_IF_0004,Test,Verified,E-004
REQ_GNC_0005,"Guidance, Navigation and Control requirement #5",TEST_GNC_0005,Verification test for REQ_GNC_0005,Analysis,Verified,E-005
REQ_SIM_0006,Simulation Accuracy requirement #6,TEST_SIM_0006,Verification test for REQ_SIM_0006,Inspection,Verified,E-006
REQ_PERF_0007,Performance Requirements requirement #7,TEST_PERF_0007,Verification test for REQ_PERF_0007,Demonstration,Verified,E-007
REQ_SAFE_0008,Safety Requirements requirement #8,TEST_SAFE_0008,Verification test for REQ_SAFE_0008,Test,Verified,E-008
REQ_IF_0009,Interface Requirements requirement #9,TEST_IF_0009,Verification test for REQ_IF_0009,Analysis,Verified,E-009
REQ_GNC_0010,"Guidance, Navigation and Control requirement #10",TEST_GNC_0010,Verification test for REQ_GNC_0010,Inspection,Verified,E-010
REQ_SIM_0011,Simulation Accuracy requirement #11,TEST_SIM_0011,Verification test for REQ_SIM_0011,Demonstration,Verified,E-011
REQ_PERF_0012,Performance Requirements requirement #12,TEST_PERF_0012,Verification test for REQ_PERF_0012,Test,Verified,E-012
REQ_SAFE_0013,Safety Requirements requirement #13,TEST_SAFE_0013,Verification test for REQ_SAFE_0013,Analysis,Verified,E-013
REQ_IF_0014,Interface Requirements requirement #14,TEST_IF_0014,Verification test for REQ_IF_0014,Inspection,Verified,E-014
REQ_GNC_0015,"Guidance, Navigation and Control requirement #15",TEST_GNC_0015,Verification test for REQ_GNC_0015,Demonstration,Verified,E-015
REQ_SIM_0016,Simulation Accuracy requirement #16,TEST_SIM_0016,Verification test for REQ_SIM_0016,Test,Verified,E-016
REQ_PERF_0017,Performance Requirements requirement #17,TEST_PERF_0017,Verification test for REQ_PERF_0017,Analysis,Verified,E-017
REQ_SAFE_0018,Safety Requirements requirement #18,TEST_SAFE_0018,Verification test for REQ_SAFE_0018,Inspection,Verified,E-018
REQ_IF_0019,Interface Requirements requirement #19,TEST_IF_0019,Verification test for REQ_IF_0019,Demonstration,Verified,E-019
REQ_GNC_0020,"Guidance, Navigation and Control requirement #20",TEST_GNC_0020,Verification test for REQ_GNC_0020,Test,Verified,E-020
REQ_SIM_0021,Simulation Accuracy requirement #21,TEST_SIM_0021,Verification test for REQ_SIM_0021,Analysis,Verified,E-021
REQ_PERF_0022,Performance Requirements requirement #22,TEST_PERF_0022,Verification test for REQ_PERF_0022,Inspection,Verified,E-022
REQ_SAFE_0023,Safety Requirements requirement #23,TEST_SAFE_0023,Verification test for REQ_SAFE_0023,Demonstration,Verified,E-023
REQ_IF_0024,Interface Requirements requirement #24,TEST_IF_0024,Verification test for REQ_IF_0024,Test,Verified,E-024
REQ_GNC_0025,"Guidance, Navigation and Control requirement #25",TEST_GNC_0025,Verification test for REQ_GNC_0025,Analysis,Verified,E-025
REQ_SIM_0026,Simulation Accuracy requirement #26,TEST_SIM_0026,Verification test for REQ_SIM_0026,Inspection,Verified,E-026
REQ_PERF_0027,Performance Requirements requirement #27,TEST_PERF_0027,Verification test for REQ_PERF_0027,Demonstration,Verified,E-027
REQ_SAFE_0028,Safety Requirements requirement #28,TEST_SAFE_0028,Verification test for REQ_SAFE_0028,Test,Verified,E-028
REQ_IF_0029,Interface Requirements requirement #29,TEST_IF_0029,Verification test for REQ_IF_0029,Analysis,Verified,E-029
REQ_GNC_0030,"Guidance, Navigation and Control requirement #30",TEST_GNC_0030,Verification test for REQ_GNC_0030,Inspection,Verified,E-030
REQ_SIM_0031,Simulation Accuracy requirement #31,TEST_SIM_0031,Verification test for REQ_SIM_0031,Demonstration,Verified,E-031
REQ_PERF_0032,Performance Requirements requirement #32,TEST_PERF_0032,Verification test for REQ_PERF_0032,Test,Verified,E-032
REQ_SAFE_0033,Safety Requirements requirement #33,TEST_SAFE_0033,Verification test for REQ_SAFE_0033,Analysis,Verified,E-033
REQ_IF_0034,Interface Requirements requirement #34,TEST_IF_0034,Verification test for REQ_IF_0034,Inspection,Verified,E-034
REQ_GNC_0035,"Guidance, Navigation and Control requirement #35",TEST_GNC_0035,Verification test for REQ_GNC_0035,Demonstration,Verified,E-035
REQ_SIM_0036,Simulation Accuracy requirement #36,TEST_SIM_0036,Verification test for REQ_SIM_0036,Test,Verified,E-036
REQ_PERF_0037,Performance Requirements requirement #37,TEST_PERF_0037,Verification test for REQ_PERF_0037,Analysis,Verified,E-037
REQ_SAFE_0038,Safety Requirements requirement #38,TEST_SAFE_0038,Verification test for REQ_SAFE_0038,Inspection,Verified,E-038
REQ_IF_0039,Interface Requirements requirement #39,TEST_IF_0039,Verification test for REQ_IF_0039,Demonstration,Verified,E-039
REQ_GNC_0040,"Guidance, Navigation and Control requirement #40",TEST_GNC_0040,Verification test for REQ_GNC_0040,Test,Verified,E-040
REQ_SIM_0041,Simulation Accuracy requirement #41,TEST_SIM_0041,Verification test for REQ_SIM_0041,Analysis,Verified,E-041
REQ_PERF_0042,Performance Requirements requirement #42,TEST_PERF_0042,Verification test for REQ_PERF_0042,Inspection,Verified,E-042
REQ_SAFE_0043,Safety Requirements requirement #43,TEST_SAFE_0043,Verification test for REQ_SAFE_0043,Demonstration,Verified,E-043
REQ_IF_0044,Interface Requirements requirement #44,TEST_IF_0044,Verification test for REQ_IF_0044,Test,Verified,E-044
REQ_GNC_0045,"Guidance, Navigation and Control requirement #45",TEST_GNC_0045,Verification test for REQ_GNC_0045,Analysis,In Progress,E-045
REQ_SIM_0046,Simulation Accuracy requirement #46,TEST_SIM_0046,Verification test for REQ_SIM_0046,Inspection,In Progress,E-046
REQ_PERF_0047,Performance Requirements requirement #47,TEST_PERF_0047,Verification test for REQ_PERF_0047,Demonstration,In Progress,E-047
REQ_SAFE_0048,Safety Requirements requirement #48,TEST_SAFE_0048,Verification test for REQ_SAFE_0048,Test,In Progress,E-048
REQ_IF_0049,Interface Requirements requirement #49,TEST_IF_0049,Verification test for REQ_IF_0049,Analysis,In Progress,E-049
